{
  "step": [
    0,
    100,
    200,
    300,
    400,
    499
  ],
  "train_loss": [
    6.2450714111328125,
    5.455862522125244,
    4.57820987701416,
    4.025904178619385,
    3.8286890983581543,
    3.7072925567626953
  ],
  "val_loss": [
    6.245614786094991,
    5.460245040145714,
    4.562451766904077,
    4.016915278001265,
    3.812251651736786,
    3.7663883885706215
  ],
  "lr": [
    0.0,
    0.0005,
    0.001,
    0.0007525,
    0.00025750000000000013,
    1.002714116407149e-05
  ],
  "time": [
    21.007901906967163,
    78.45838499069214,
    131.30009603500366,
    183.47075986862183,
    235.1532518863678,
    286.19590306282043
  ],
  "best_val_loss": 3.7663883885706215,
  "config": {
    "vocab_size": 512,
    "context_length": 256,
    "d_model": 40,
    "n_layers": 4,
    "n_heads": 5,
    "d_ff": 160,
    "batch_size": 32,
    "max_steps": 500,
    "learning_rate": 0.001,
    "min_lr": 1e-05,
    "warmup_steps": 200,
    "weight_decay": 0.1,
    "gradient_clipping": true,
    "gradient_clip_norm": 1.0,
    "beta1": 0.9,
    "beta2": 0.95,
    "dropout": 0.0,
    "eval_interval": 100,
    "data_dir": "data",
    "out_dir": "checkpoints",
    "device": "mps",
    "seed": 42,
    "resume": false
  }
}