{
  "step": [
    0,
    100,
    200,
    300,
    400,
    500,
    600
  ],
  "train_loss": [
    6.249529838562012,
    5.088693618774414,
    3.9818830490112305,
    3.2823474407196045,
    2.859018564224243,
    2.6391184329986572,
    2.529088258743286
  ],
  "val_loss": [
    6.249700602883531,
    5.081149298833636,
    3.979197119958768,
    3.238935595761867,
    2.8606681814883768,
    2.653220265311228,
    2.5238112608591714
  ],
  "lr": [
    0.0,
    0.0005,
    0.001,
    0.0009989401670031086,
    0.0009957652063800361,
    0.0009904887137995992,
    0.0009831332840130886
  ],
  "time": [
    25.44194197654724,
    97.64812898635864,
    162.98303985595703,
    231.65000104904175,
    296.88591408729553,
    360.0328538417816,
    423.24578499794006
  ],
  "best_val_loss": 2.5238112608591714,
  "config": {
    "vocab_size": 512,
    "context_length": 256,
    "d_model": 64,
    "n_layers": 5,
    "n_heads": 4,
    "d_ff": 256,
    "batch_size": 32,
    "max_steps": 5000,
    "learning_rate": 0.001,
    "min_lr": 1e-05,
    "warmup_steps": 200,
    "weight_decay": 0.1,
    "gradient_clipping": true,
    "gradient_clip_norm": 1.0,
    "beta1": 0.9,
    "beta2": 0.95,
    "dropout": 0.0,
    "eval_interval": 100,
    "data_dir": "data",
    "out_dir": "checkpoints",
    "device": "mps",
    "seed": 42,
    "resume": false
  }
}